"name","agency","branch","subcontractor","provider_type","routematch_id"
"American Cancer Society","American Cancer Society",,,"Partner","ACS"
"American Red Cross","American Red Cross",,,"Partner","ARC"
"City Ride","Ride Connection",,"City Ride","BPA Provider","CRd"
"Endambo","Ride Connection",,"Endambo","BPA Provider","END"
"Emmanuel Temple","Ride Connection","Emmanuel Temple",,"Partner","ET"
"Forest Grove","Ride Connection","Forest Grove",,"Partner","FG"
"Metropolitan Family Service ","Metropolitan Family Service ",,,"Partner","MFS"
"North Plains Senior Center","North Plains Senior Center",,,"Partner","NPSC"
"Northwest Portland Ministries","Northwest Portland Ministries",,,"Partner","NWPM"
"Other","Other",,,"Other","OTHER"
"Pacificab","Ride Connection",,"Pacificab","BPA Provider","PC"
"Ride Connection SVP","Ride Connection","Shared Vehicle Program",,"Partner","RC"
"RC East Multnomah County","Ride Connection","East Multnomah County",,"Partner","RCECo"
"RC Washington County","Ride Connection","Washington County",,"Partner","RCWaCo"
"Urban League","Urban League",,,"Partner","UL"
"Unknown",,,,"Other","UNK"
"RC West Linn","Ride Connection","City of West Linn Adult Community Center",,"Partner","WL"
"Wapato Shores","Ride Connection",,"Wapato Shores","BPA Provider","WS"
